LOC,LAT,LON
(,,
Paris,48.856614,2.3522219
île,44.0648966,76.6412712
Amérique,54.5259614,-105.2551187
France,46.227638,2.213749
mer,47.699682,1.508414
Afrique,-8.783195,34.508523
Europe,54.5259614,15.2551187
Inde,20.593684,78.96288
Lagarto,-10.9140631,-37.6692901
détroit,42.331427,-83.0457538
Chine,35.86166,104.195397
Bengali,-20.1743477,57.5047664
Angleterre,52.3555177,-1.1743197
New,37.3105671,-89.5324749
Manche,49.114712,-1.3115949
Californie,36.778261,-119.4179324
Sorcière,,
Gustave,45.281101,-103.9752127
Marne,49.128754,4.1475445
San,13.2944016,-4.8987523
Guyane,3.933889,-53.125782
Artagnan,43.402926,0.077005
Nora,28.5562477,-81.3785854
Meuse,49.9216666,5.400522
Londres,51.5073509,-0.1277583
Océan,39.9652553,-74.3118212
Indes,13.7049929,-89.1957409
Océanie,-22.7359095,140.0187653
Japon,36.204824,138.252924
Bornéo,0.9618834,114.5548495
Asie,59.6864303,10.7930108
Pyrénées,42.6681804,1.0011899
Australie,-25.274398,133.775136
place,13.2222011,80.0949883
New-York,40.7127837,-74.0059413
Edgard,30.0432578,-90.5600869
Atlantique,40.6417665,-73.1706705
Espagne,40.463667,-3.74922
Calcutta,22.572646,88.363895
Pacifique,-8.783195,-124.508523
Industrie,-27.3836475,153.0322325
Russie,61.52401,105.318756
Hindoustan,20,78
Macao,22.198745,113.543873
—,,
États-Unis,37.09024,-95.712891
Cayenne,4.92242,-52.3134531
Santiago,-33.4488897,-70.6692655
Orne,48.6388567,0.0848201
Township,31.4501121,74.3088879
Neddy-Neddy,46.3245017,-79.4291019
Ohio,40.4172871,-82.907123
Tom,29.0731709,-98.0778904
Hollande,42.7875235,-86.1089301
Rhin,25.6716502,-100.3299438
Morbihan,47.8852929,-2.9001865
San-Francisco,37.7749295,-122.4194155
Monténégro,42.708678,19.37439
Loire,46.3325972,1.044527
Puy-de-Dôme,45.7725738,2.9644431
Tranquille,39.4000378,-76.6009301
Haute-Marne,48.1260968,5.1071322
Allemagne,51.165691,10.451526
Nancy,48.692054,6.184417
Hindou,,
Sa,-30.0002315,136.2091547
Meurthe-et-Moselle,48.7997007,6.0947014
Washington,47.7510741,-120.7401386
Algérie,28.033886,1.659626
Sibérie,61.0137097,99.1966559
Nièvre,47.2381708,3.5294522
Pyrénées-Orientales,42.6012912,2.539603
Bretagne,48.2020471,-2.9326435
Grand-Esprit,46.1814852,-72.4970219
Salvador,13.794185,-88.89653
Mississipi,32.3546679,-89.3985283
Orient,41.1389875,-72.303415
côtes,45.1243533,5.4696268
Ile,44.0648966,76.6412712
Khiva,41.3895075,60.3414529
Colorado,39.5500507,-105.7820674
Champagne,48.026628,0.333235
Basses-Pyrénées,43.3269942,-0.7532809
Véga,19.2211554,-70.5288753
Madrid,40.4167754,-3.7037902
Grand,40.0727382,-106.0640179
Sahara,23.4162027,25.66283
Italie,41.87194,12.56738
Ovenga,,
Compiègne,49.417816,2.826145
Boulogne,50.725231,1.613334
Sumatra,-0.589724,101.3431058
Séraphin,38.2610408,-96.1701116
Belfort,39.0002934,-77.4318392
Niger,17.607789,8.081666
Birmanie,21.916221,95.955974
Rome,41.9027835,12.4963655
Oise,49.4214568,2.4146396
Arkansas,35.20105,-91.8318334
Grande-Bretagne,37.9762214,23.73532
Malaisie,4.210484,101.975766
Saïd-Yama,,
Moselle,49.1174158,6.7504988
Bamangwatos,-21.9755624,27.8486909
Vienne,46.6695417,0.4772865
Etats-Unis,37.09024,-95.712891
Lisbonne,38.7222524,-9.1393366
Padmala,16.6807168,74.2236566
Rouen,49.443232,1.099971
Vendôme,47.792551,1.065343
Langres,47.86683,5.334297
Saint-Louis,38.6270025,-90.1994042
Wogan,,
«,,
Bravo,33.0061671,-79.9835566
Hautes-Pyrénées,43.0193924,0.1494988
Hougly,,
Athènes,37.9838096,23.7275388
Ben-Saïd,47.3364569,0.6881742
Encore,36.1293177,-115.1652708
Islande,64.963051,-19.020835
Yport,49.737262,0.314
Zanzibar,-6.165917,39.202641
porte,48.752508,0.58694
Aisne,49.4769199,3.4417368
Art,38.6504367,-121.4895172
Suisse,46.818188,8.227512
Valpreux,,
Barrack-Poor,,
Méditerranée,37.7901344,-122.4338655
Suez,29.9668343,32.5498069
Bruxelles,50.8503396,4.3517103
Friquet,43.4850459,-0.699925
Malaouen,,
Grèce,39.074208,21.824312
Vannes,47.658236,-2.760847
Himalaya,28.5983159,83.9310623
Indo-Chine,40.7291923,-73.9923898
Normandie,48.8798704,0.1712529
Saint-Jean,45.2733153,-66.0633081
Java,36.8359709,-79.2277979
Pas-de-Calais,50.5732769,2.3244679
Kaly-Kouba,,
Parana,-25.2520888,-52.0215415
Côte,45.1864011,4.7780371
Mexique,41.8959662,-87.6660217
Lesseps,41.405738,2.150407
Nouvelle-Galles,-31.2532183,146.921099
Bombay,19.0759837,72.8776559
Querlaouen,,
Turkestan,43.3666958,68.4094405
Hélas,54.6083804,18.8007998
Valparaiso,41.4730948,-87.0611412
A,48.3705449,10.89779
Portugal,39.399872,-8.224454
Cap,38.9010133,-77.0313177
Lahore,31.5546061,74.3571581
Martinique,14.641528,-61.024174
Mayenne,48.2382504,-0.5042564
Seine,48.6002,2.3926372
Caucase,43.5851814,45
Niagara,43.3119496,-78.7476208
Chronique,45.5216033,-73.5938912
Guilbert,18.8015751,-72.2108398
Tyne,54.9778687,-1.7803192
Amiens,49.894067,2.295753
Dimanche,59.9552889,30.3618616
Postville,43.084702,-91.5682015
Grée,47.408486,-1.167341
Canada,56.130366,-106.346771
Côte-d',7.539989,-5.54708
Compagnie,52.0359242,5.6882411
Santa-Fé,35.6869752,-105.937799
Rio,-22.9068467,-43.1728965
Barranquilla,11.0041072,-74.8069813
Madagascar,-18.766947,46.869107
Aden,12.7854969,45.0186548
Congo,-4.038333,21.758664
Quengueza,,
Afghanistan,33.93911,67.709953
littoral,4.1682138,10.0807298
Vichy,46.131859,3.425488
Suède,60.128161,18.643501
Brésil,-14.235004,-51.92528
Liban,33.854721,35.862285
Uruguay,-32.522779,-55.765835
Albanie,41.153332,20.168331
Alger,36.753768,3.0587561
Tugo-in,49.16951,-123.137104
MM.,21.916221,95.955974
Taïti,-17.6509195,-149.4260421
Aventures,50.8485295,4.3525615
Naïr,,
Amerique,54.5259614,-105.2551187
Carcajoux,42.8897199,-88.96194
Prairie,34.7636336,-91.5983959
Œil-de-Lynx,43.9198642,-1.2462598
Varvara,42.1199586,27.90033
Départements,48.846405,2.330182
Ornain,48.6960594,6.122838
Lapon,-7.8763865,-35.4482591
Amazone,46.320207,-112.1072224
Allier,46.3115552,3.4167655
Alaska,64.2008413,-149.4936733
Providence,41.8239891,-71.4128343
Bagdad,33.3128057,44.3614875
Victoria,48.4284207,-123.3656444
Seraphita,47.1726352,7.5992359
Malacca,2.189594,102.2500868
Bayonne,40.6687141,-74.1143091
Mortagne,48.522485,0.5430779
Brooklyn,40.6781784,-73.9441579
Zermatt,46.0207133,7.749117
Noël,36.5456293,-94.485217
Syrie,34.802075,38.996815
Andes,-21.1607667,-66.7752481
Prague,50.0755381,14.4378005
Tiflis,41.7151377,44.827096
Yanic,40.178838,27.089088
Bade,18.0952532,74.0946311
Marseille,43.296482,5.36978
Parmi,26.9811669,80.1958755
Turquie,38.963745,35.243322
Saint-Pierre,46.7758459,-56.1806363
Laponie,67.9222304,26.5046438
Aire,40.7752691,-73.98439
Apatou,,
S',43.1828396,-3.9878427
Virginie,37.4315734,-78.6568942
Nouvelle-Guinée,-5.0122202,141.3470159
Fernando-Po,3.6198322,8.7481167
Lukoga,,
Canton,42.3086444,-83.482116
Bengale,50.845095,4.353131
Strasbourg,48.5734053,7.7521113
Stanley,35.3590256,-81.0970214
avenue,35.2290198,-80.8424062
Bordeaux,44.837789,-0.57918
Batz,47.604468,8.2957939
Yankee,36.9450241,-104.3280386
Thomas,30.8417409,-83.8473015
Belgique,50.503887,4.469936
Louisiane,30.9842977,-91.9623327
Malais,43.744732,-0.477361
Saïmira,,
Sonde,59.3440134,26.8710115
Brèche,47.650837,0.4391
Alsace,48.3181795,7.4416241
Saint-Maclou,49.364948,0.411093
Mozambique,-18.665695,35.529562
Imp,34.0407544,-118.2470788
Cambodge,12.565679,104.990963
Sacramento,38.5815719,-121.4943996
Vosges,48.1446427,6.3355935
Tenez,49.7126276,15.6775988
Laval,45.6066487,-73.712409
Lorient,47.7482524,-3.3702449
Sénégal,14.497401,-14.452362
Raton,36.9033581,-104.4391532
Pirée,37.9430112,23.646956
Godin,24.1476775,80.8903523
Saint-Pol,45.686684,5.920323
Laberge,46.4902413,6.973592
Géographie,32.7482108,-117.1314674
Naples,26.1420358,-81.7948103
Siam,15.870032,100.992541
côte,45.1864011,4.7780371
Somme,49.914518,2.2707095
Oudjiji,,
Nantes,47.218371,-1.553621
Khyber,25.6786045,68.500715
Port-Louis,-20.1608912,57.5012222
Souvenirs,40.7399802,-73.9930291
Buenos-Ayres,-34.6036844,-58.3815591
Auvergne,45.7032695,3.3448536
Beauvais,49.4295387,2.0807123
Guadeloupe,16.265,-61.551
Esprit,37.7106738,-122.1622842
Aube,48.1563418,4.3732462
Caboul,43.818346,1.379861
Cattaro,42.424662,18.771234
Occident,,
Philippines,12.879721,121.774017
Arras,50.291002,2.777535
Perpignan,42.6886591,2.8948332
Pingouin,44.091133,5.189634
Alpes,46.8876191,9.6569996
Cherbourg,49.6337308,-1.622137
Tigre,-34.425087,-58.5796585
White,34.6567728,-83.7199136
Saçramento,38.5815719,-121.4943996
André,30.2292925,-97.7570041
Astrakhan,46.3588045,48.0599345
Tamara,14.1899344,-87.3314264
Siva,39.750545,37.0150217
Long-Branch,40.3042778,-73.9923596
Pluie,35.6645548,139.704756
Chili,-35.675147,-71.542969
Clermont,28.5494447,-81.7728543
Saint-Brandan,48.390132,-2.870483
Nevers,46.990896,3.162845
Red-Maple,40.6679744,-111.9614713
Dixon,38.4454641,-121.8232958
Burmah,21.916221,95.955974
Autriche,47.516231,14.550072
Berlin,52.5200066,13.404954
Calais,50.95129,1.858686
Aspres,44.02172,3.393038
Dieppe,49.922992,1.077483
El,31.7618778,-106.4850217
Philadelphie,39.9525839,-75.1652215
Cochinchine,45.5701967,-73.7395068
Ceylan,34.843753,32.8606246
Zambèze,-17.2103831,34.6034542
Prix,46.799828,4.366518
Havre,48.549999,-109.6840887
Karabouffi,,
Toul,48.678296,5.890159
Nouvelle-Orléans,29.9510658,-90.0715323
James,40.2117158,-76.9790337
Madras,13.0826802,80.2707184
Notre-Dame,41.7055716,-86.2353388
Sirik,26.5200991,57.1071672
l’,51.4427238,6.0608726
Missouri,37.9642529,-91.8318334
Nord,49.4254092,11.0796553
Grande,32.6815321,-117.1779347
Perse,40.7682269,-73.9828591
Natal,-28.5305539,30.8958242
Vilaine,47.7967965,-2.0633015
Boileau,45.900477,-74.772853
Nicaragua,12.865416,-85.207229
Obindji,,
Empire,42.3529812,-71.0455316
Tunis,36.8064948,10.1815316
Ganga,27.3849024,83.0162235
Luxembourg,49.815273,6.129583
Reims,49.258329,4.031696
Alerte,82.5017771,-62.3480917
Co-topaxi,-0.6837541,-78.4371901
Nil,17.1142529,33.7964613
Saint-Pétersbourg,59.9342802,30.3350986
Bigorre,43.152828,1.422237
Je,49.214439,-2.13125
Garonne,43.8670244,0.4172706
Nevada,38.8026097,-116.419389
Argentine,-38.416097,-63.616672
Union,40.6975898,-74.2631635
Gibelotte,46.0446473,-73.116527
Mme,45.0460935,-93.0574974
Lorraine,48.8744233,6.2080932
Corée,37.6639976,127.9784585
Kentucky,37.8393332,-84.2700179
Manille,14.5995124,120.9842195
Oxus,40.5917824,63.7188808
Soudan,47.8158812,-92.2383876
I',34.0374444,-117.0861363
Alençon,48.432856,0.091266
Shang-Haï,31.230416,121.473701
Capitaine,43.842613,0.382386
Comassie,,
Brest,48.390394,-4.486076
Gheer,29.7814763,77.1060866
Salomon,-9.64571,160.156194
Canigou,42.5188823,2.456656
Alep,36.2021047,37.1342603
Orléans,47.902964,1.909251
Séville,37.3890924,-5.9844589
Nouvelle-Zélande,-40.900557,174.885971
Châlons-sur-Marne,48.956682,4.363073
Ogôoué,-1.3068618,11.2841302
Sabanilla,17.2822829,-92.5517584
Adrar,27.9716342,-0.1869644
Dingaan,,
Argonne,41.7136919,-87.9818952
Speeke,53.3422624,-2.8512675
Deux,,
Quiberon,47.482133,-3.121053
Pasquin,43.48932,0.50921
Egypte,26.820553,30.802498
Égypte,26.820553,30.802498
Napoléon,41.3922726,-84.1252243
Herzégovine,,
Derby,41.3206523,-73.0889973
Kéral,10.8505159,76.2710833
Anglo-Indienne,51.01292,-4.185318
Surinam,3.919305,-56.027783
Wales,52.1306607,-3.7837117
Chantilly,38.8942786,-77.4310992
Goumbi,28.06,85.83
Ruines,44.2169511,6.0724005
Besançon,47.237829,6.0240539
Luz,37.090906,-8.7591311
Laeken,50.8771683,4.3545087
Orfa,43.7288115,-79.329219
Morvan,47.2747998,4.0988285
Atagna,,
Pau,43.2951,-0.370797
Yellala,16.0230286,78.330101
Capello,42.9620888,-78.7508272
Sébastopol,38.4021359,-122.8238806
Valentine,42.8727833,-100.5509669
Verdun,49.1598764,5.3844231
Metz,49.1193089,6.1757156
Caen,49.182863,-0.370679
Fitzroy,-37.801111,144.978889
Quand,50.7175073,23.2528484
Mer,47.699682,1.508414
Ganada,35.7114022,-109.5420492
Nouvelle-Calédonie,-20.904305,165.618042
Liberia,6.428055,-9.429499
Bagnères-de-Bigorre,43.065093,0.1491049
Sarthe,47.9217014,0.1655803
Mont-Saint-Michel,48.636063,-1.511457
Brème,53.0792962,8.8016937
Sévigné,48.78084,-0.017598
Aa,40.3484165,-75.9584287
Nouvelle-Hollande,,
Davidson-House,55.9144439,-3.2431688
Chadda,18.9997726,72.8380493
Irende,,
Patience,32.9467806,-96.10535
Amsterdam,52.3702157,4.8951679
Damas,33.5138073,36.2765279
Mossoul,36.3566484,43.1640004
Kihamey,,
Japonais,36.1211955,-115.1740737
Cuba,21.521757,-77.781167
Hambourg,53.5510846,9.9936818
Téhéran,35.6891975,51.3889736
Ouf,30.1206697,31.3689265
Floride,27.6648274,-81.5157535
Barry,51.3997529,-3.2825859
Creil,49.2576872,2.4783913
Santa-Rosa,38.440429,-122.7140548
Norvège,60.472024,8.468946
Persique,26.7505337,51.6834275
Célèbes,-1.8479,120.5279
Belle,30.4419601,-91.1894648
Ségou,13.4316597,-6.2482149
Mecque,21.3890824,39.8579118
Ras-Maaber,,
Tours,47.394144,0.68484
Bouddha,45.5488591,-73.5742207
Dordogne,45.1469486,0.7572205
Eudoxe,47.9081885,1.9029517
Léuy,43.819967,-0.653535
Gondokoro,4.9,31.666667
Les,42.8116099,0.7117137
Céleste,33.2942791,-96.1946983
Rosario,-32.9442426,-60.6505388
Saint-Nazaire,47.2734979,-2.213848
Beyrouth,33.8937913,35.5017767
Luçon,46.454772,-1.167062
Pawnies,,
Gambo,48.7850799,-54.2133023
Garde-moi,,
Mongolie,46.862496,103.846656
Macaraïbo,,
Mille,44.9161263,-93.2840555
Nola,29.9510658,-90.0715323
Lea,32.8968816,-103.3587288
Tarbes,43.232951,0.078082
Bataille,43.704606,1.83407
Argentan,48.744001,-0.016566
Osyébas,,
Cantal,45.1191997,2.6326062
Tonnerre,47.856724,3.973527
Aude,43.0724667,2.3813621
Ujfalvy,,
Pauvre,,
Mandalay,21.9588282,96.0891032
Nicopoli,39.0263649,20.7336358
Henriette,33.8173224,-98.1953221
Balkans,40.9468884,54.4952432
BnF,48.8335842,2.3757659
Tobolsk,58.200024,68.2635228
Diarbékir,37.9249733,40.2109826
Piriac,47.380007,-2.544721
Jag-Sanias,,
Eurotas,37.0852541,22.4900121
district,29.9295564,-90.0772199
Holyhead,53.309441,-4.633038
Yeddo,40.011389,-87.26
Ranie,44.178477,1.52386
Kauffmann,52.371406,4.862576
Cincinnati,39.1031182,-84.5120196
Trinidad,10.691803,-61.222503
Picardie,49.6636127,2.5280732
Salé,34.0336969,-6.7708138
Gascogne,45.636849,4.454704
Chypre,35.126413,33.429859
Haut-Rhin,47.9315041,7.2441099
Micronésie,6.8874581,158.2150717
Dékan,24.4270447,77.7823973
Mathurin,43.475933,-1.138012
Roi,17.4860232,101.7223002
Trenton,40.2170534,-74.7429384
Chactas,,
Malot,32.9448423,73.6116742
Lugano,46.0036778,8.951052
Flageollet,46.1087429,4.969244
Britannia,34.0159493,-118.4954235
Mûrier,48.0102358,0.1868256
Pont-Ecrepin,48.764351,-0.245564
Beaux-Arts,47.5853221,-122.2012725
Écosse,56.4906712,-4.2026458
Quoique,,
Toulouse,43.604652,1.444209
Dara,32.9248813,36.1762615
Harnheim,51.9851034,5.8987296
Sainte-Anne,47.626835,-2.165969
Pontivy,48.066152,-2.967056
Meurthe,48.4519014,6.5859306
Smyrne,38.423734,27.142826
Nezebia,,
Berhampore,24.0988265,88.2679264
Belloy,49.536687,2.655275
Est,3.9505128,13.914399
Kansas,39.011902,-98.4842465
Timour-Leng,,
Constantinople,41.0082376,28.9783589
Thiers,45.857907,3.545177
Corbières,43.760822,5.750508
Cazals,44.643517,1.226715
Samara,53.2415041,50.2212463
Affy,40.6108733,-73.9623149
Recherche,-43.5376055,146.8884732
Gibraltar,36.140751,-5.353585
Saint-Omer,50.750115,2.252208
Saint-Paul,44.9537029,-93.0899578
Saint-Vincent,45.7515707,7.6420804
Bosnie,43.915886,17.679076
Librairie,45.4268095,-75.6932028
Maine,45.253783,-69.4454689
Bar-le-Duc,48.773605,5.158238
Prades,42.617718,2.423231
Smolensk,54.7903112,32.0503663
Mohamed-Fada,,
Nattanville,,
Péking,39.904211,116.407395
Kolakiako,,
Voltaire,48.0205632,-100.8415372
Texas,31.9685988,-99.9018131
Mans,46.37447,4.292503
Venise,45.4408474,12.3155151
Vincent,34.098915,-117.921971
Dreadnought,,
Soyez,49.06635,9.26204
Koranas,,
Nagas,41.617532,-72.477046
Libéria,6.428055,-9.429499
Irlande,53.41291,-8.24389
Société,32.833882,-117.1463722
Sierra-Léone,8.460555,-11.779889
Chiers,49.618314,5.188454
Macassar,-5.1476651,119.4327314
Bôoué,-0.093632,11.9490718
Bougival,48.862754,2.138909
Kiou-Kiang,29.705077,116.00193
Colon,9.359302,-79.8998608
Ameida,51.5395733,-0.1031276
Tech,33.7756178,-84.396285
Fort-de-France,14.6160647,-61.0587804
Bassompierre,49.385436,5.962297
Plata,44.7744063,-94.0399721
Lynch,36.9662044,-82.9223839
Vauban,46.260869,4.224639
Ia,41.8780025,-93.097702
Magellan,38.747115,-90.4657974
Saint-,40.8717205,-99.9953915
Kourou,5.1611312,-52.6493342
Frédégonde,,
Tuan,35.676361,114.550911
Ed-gard,30.0432578,-90.5600869
Rivière,28.9831292,-98.0304314
Abbadie,43.097404,-0.1201
PARIS,48.856614,2.3522219
Tous,40.7582644,-73.9778493
Barbanton,,
Salut,44.9403904,-93.1382542
Galles,52.1306607,-3.7837117
Njali,,
Gange,27.3849024,83.0162235
Renaissance,41.4986081,-81.6944752
Stenay,49.492437,5.187375
Hopango,,
Mores,40.548498,8.8294564
Montagne-Noire,43.424678,2.4621053
Étienne,40.0559494,-75.4368497
Uspallata,-32.5910827,-69.3478836
Landes,43.9412045,-0.7532809
Voyages,45.4378292,-73.4417255
Barèges,42.896546,0.064521
Rhône,44.7719843,5.3726512
Eure,49.1181763,0.9582114
Kali-Kouba,,
Saint-Dizier,48.637692,4.947418
Yonne,47.8652728,3.6079823
Valmy,40.7922061,-117.1281453
Marie,30.4623805,-94.7894093
Grandes,40.9798094,-6.2143693
Chang,37.653529,-77.6082777
Auray,47.666491,-2.983767
Muere,,
Djof,55.684593,12.5731
Février,45.228895,0.229107
Anne,44.7569902,-83.5583996
Varzy,47.358735,3.388036
Alvar,41.0372498,43.749717
Taute,53.09542,7.40558
Halte,51.4430673,5.8730973
Ma,42.4072107,-71.3824374
Goa,15.2993265,74.123996
Lunéville,48.592237,6.492339
Bel-fort,39.0002934,-77.4318392
Goutances,,
Bougainville,-6.3753919,155.3807101
Aral,45.3963063,59.6134113
Granada,37.1773363,-3.5985571
Bokhara,39.7680827,64.4555769
Ougouha,,
Brazza,49.3259124,-123.0720038
Ecosse,56.4906712,-4.2026458
Sidney,40.2842164,-84.1554987
Palestine,31.952162,35.233154
Nick,34.0976271,-118.3248688
Francisco,37.7749295,-122.4194155
Térence,5.830925,-55.2059871
Lunoga,39.99984,-6.117796
Maubarg,48.2360618,9.6899108
Okenda,,
Avricourt,48.643855,6.805912
GUYANE,3.933889,-53.125782
Seine-et-Marne,48.841082,2.999366
Amé-siqué,,
East,3.9505128,13.914399
Nouveau-Mexique,34.5199402,-105.8700901
C’,43.3623364,-8.411594
I’,34.0374444,-117.0861363
Àméim-que,,
Eclair,40.7567138,-73.9665998
Mo,37.9642529,-91.8318334
Buffon,47.649449,4.273691
Lewis,46.6195461,-122.4554639
Vire,48.837781,-0.888482
Malgré,49.9476396,4.6839278
Saône,46.8810511,5.3877372
Grand-duché,49.5566697,5.86511
Bijou-Basin,39.2310178,-104.3510664
Singapour,1.352083,103.819836
Tripoli,32.8872094,13.1913383
Shékianis,,
Grand-Bassin,-20.4180203,57.4917217
Ta,40.5740901,17.2429976
Kad-Zourim,,
Ambert,45.549532,3.739308
Paria,36.9081014,-111.6682552
Sainte-Lucie,13.909444,-60.978893
Aron,24.381131,77.4182234
Irgunnuk,52.960497,-1.176007
John,41.8198034,-71.3706702
Orphelinat,34.5305217,10.51979
Iriondo,-32.660212,-61.2335592
Iraouaddy,20.7623388,96.1067718
Chimborazo,-1.4693018,-78.8169396
Tsernagore,,
Granville,40.0681192,-82.5196037
Saint-Germain,45.9130463,-89.487751
Chicago,41.8781136,-87.6297982
Traversée,48.5251505,-72.221638
Homère,45.6446918,5.865489
Cook,42.3518975,-71.2069871
Roussillon,43.902293,5.292936
Tonga,-21.178986,-175.198242
Tomsk,56.5010397,84.9924506
Plaza,23.1215318,-82.394
Cour,50.4352461,5.8683753
Rieka,49.15607,19.08902
Hoang-ho,34.811516,97.4263055
Port-Darwin,-12.4634403,130.8456418
Bordentown,40.1480827,-74.6945737
Kouihara,38.7301283,141.0213331
Finistère,48.2520249,-3.9300525
Barbades,13.193887,-59.543198
Ofoubon,45.5016661,-122.576732
Tel,46.676412,11.0835139
Guinée,9.945587,-9.696645
Gers,43.6366479,0.4502368
Pardon,44.843511,-0.353803
Mourmelon-le-Grand,49.140298,4.365274
Santa-Barbara,34.4208305,-119.6981901
Perm,58.0296813,56.2667916
Peaux-Rouges,49.265676,2.594211
Bastan,37.6884706,-122.4653986
Amériqne,,
Mékong,16.3426513,103.0810233
Saint-Malo,48.649337,-2.025674
Cordoue,37.8881751,-4.7793835
Voyage,43.5461619,-96.7607139
Esperanza,-31.4489859,-60.9303663
Javercy,,
Indiana,40.2671941,-86.1349019
Carolines,40.7610605,-73.984011
Candiotti,-31.7245328,-60.5099175
Château-Gontier,47.8267669,-0.7069
Gavarnie,42.732219,-0.00941
Trotting,32.249979,-110.800492
Madré,,
Setchuan,30.651226,104.075881
Guyandot,38.4270282,-82.3851517
Nordenskiold,-17.7832746,-63.193932
Tamerlan,53.383165,60.988442
Ogooué,-1.3068618,11.2841302
Tri-tree,41.4349091,-91.4648883
Fanchon,,
Maroc,31.791702,-7.09262
Leavenworth,47.5962326,-120.6614765
Las,36.0839998,-115.1537389
Nasskaj,,
Dijon,47.322047,5.04148
Caire,29.9824046,-90.1056289
Magdalena,10.4113014,-74.4056612
Poulo-Pinang,5.3673161,100.2486493
Tsettinje,,
Anam,6.3857019,6.822874
Crusoé,43.574966,-1.2131749
Sainte-Marie,14.7794318,-60.9932889
Issoire,45.54151,3.248128
Monay,9.5376119,-70.4610427
Mars,37.4227051,-122.1686237
Fontainebleau,48.404676,2.70162
rade,51.4027236,21.1471333
Venezuela,6.42375,-66.58973
Scarpe,37.93566,-107.809396
Trieste,45.6495264,13.7768182
Pomaré,11.214389,-10.815489
Banave,26.2425065,83.2960831
Urville,49.024545,-0.292914
Saint-Georges,44.441851,0.934704
Bulgarie,42.733883,25.48583
Garde,43.9446996,4.1513764
Porteur-de-foudre,,
Kanga,33.7775773,-84.3896401
Oman,21.4735329,55.975413
Ibrahim,28.3365625,30.6918803
Pittlekaj,,
Khartoum,15.5006544,32.5598994
Grenade,12.1165,-61.679
Dresde,51.0504088,13.7372621
Ratinup,,
Mariannes,36.9819046,-122.0219284
Trou,48.086714,0.624393
Ocean,39.9652553,-74.3118212
Wellington,-41.2864603,174.776236
Arnay-le-Duc,47.130623,4.485898
Montreuil,48.863812,2.448451
Hindou-Kouch,36.8922222,73.2633333
Alice,27.7522487,-98.0697249
Fayl-Billot,47.7813469,5.601736
Tschoutsches,,
Thibet,29.647535,91.117525
Malabar,28.0036298,-80.5656089
Whoon-Yang-Kaan-Maan-Yunk-Poo,,
Baltimore,39.2903848,-76.6121893
Portsmouth,43.0717552,-70.7625532
Samarkand,39.627012,66.9749731
Saint-Cloud,45.5579451,-94.1632404
Nejd,24.0451607,56.1742233
Pesth,49.015227,12.103529
Eppsburg,,
Faro,37.0193548,-7.9304397
Sancy,48.8859009,2.960435
Teza,41.8847826,-87.6249624
Amériqtie,,
Sandwich,41.756633,-70.490955
Storm,41.50738,-112.028105
Vie,39.9641014,-75.1616243
Ferme,45.4474859,-0.3142848
Yang-tse-Kiang,30.5146484,112.8688374
Hourra,49.1355291,2.5681776
Ménam,14.619024,100.3257441
Sitka,57.0530556,-135.33
Panama,8.537981,-80.782127
Pas,33.4584861,-112.1056348
Chaillu,,
Adour,43.4081695,-0.6673545
Raleigh,35.7795897,-78.6381787
Silence,42.9133349,1.787565
Varennes,34.4695377,-82.6821799
Flinders,-38.474,145.022
Saint-Lô,49.1154686,-1.0828136
lamer,22.2149595,82.0706753
Chaumont,34.0660131,-118.3992505
Mardin,37.312903,40.733951
Aujon,47.9807635,4.980847
Liph,,
Açores,37.7412488,-25.6755944
Kaufmann,40.7078828,-73.9291662
Wanderer,41.6645223,-70.808387
Dampher,52.2668816,4.7651762
Saint-Vincent-de-Mercuze,45.375223,5.949012
Cork,51.8968917,-8.4863157
Guil-bert,18.8015751,-72.2108398
Dore,41.7800426,-87.7877918
Zebdah,41.9596567,-87.7281199
Clazais,50.95129,1.858686
Louveciennes,48.86189,2.112527
Palma,39.5696005,2.6501603
Liane,15.8,-14.283333
Louisiade,-10.9612237,153.1030554
Riom,45.8939949,3.114932
Portugais,43.421379,6.260662
Ashinga,,
Ja,42.35022,-71.0570784
Dôme,42.182703,-122.6633894
Rennes,48.117266,-1.6777926
Soledad,36.424687,-121.3263187
Barisia,,
Tombouctou,16.7665887,-3.0025615
Eagle,39.576406,-106.7234639
Parou,39.034611,56.049221
Basse-Terre,16.1296293,-61.6538052
Hague,52.0704978,4.3006999
Demain,33.021898,-97.4922433
Creuse,46.0377633,2.0627832
Ermenonville,49.127692,2.697813
Baden-Baden,48.76564,8.2285242
Troesne,,
Obi,36.0470416,-95.9255914
Blessés,,
Nouvelle-Bretagne,-5.7465904,150.7679216
Désert,43.55674,-1.354287
Saint-Nicolas,51.1558839,4.154441
San-Salvador,13.6929403,-89.2181911
Florès,-34.6374837,-58.4601452
Rembo,60.1872953,16.1201014
Scott,44.6834072,-93.5407909
San-Nicholas,33.2464523,-119.4991693
Charlestown,42.3782065,-71.0602131
Barques,49.769165,1.688308
Chavanoux,29.320971,-98.472039
Arc,38.9028763,-77.0425647
Dinard,48.633024,-2.055125
Salamanca,40.9701039,-5.6635397
Bureaux,40.7212845,-73.9856346
Marcgrave,,
Bonhomme-Richard,33.9463203,-81.2768212
Itinéraire,,
Marie-Jeanne,41.8994193,-87.6965106
Ybicuy,-33.7286088,-59.1570842
Nousa,,
Jérusalem,31.768319,35.21371
Vautour,46.751937,-65.216834
Ouragan,,
Ben-gali,-20.1743477,57.5047664
Lissel,-3.2232637,152.6335784
Lamperrière,,
Hérat,34.352865,62.2040287
Portbail,49.335659,-1.700023
Pointe,42.0450722,-87.6876969
Port-d’,28.068047,-80.557644
Château-Chinon,47.0569552,3.9244916
Cordillère,-25.2289491,-57.0111681
Berbera,10.4347941,45.0139904
Sainte,48.85542,2.344987
Linokana,,
Albanaise,46.2090219,6.1276097
Casse-cou,48.131661,-0.972472
Corinthe,37.9386365,22.9322383
San-Luis-Obispo,35.2827524,-120.6596156
Saint-Barnabé,48.137378,-2.702496
Se,60.128161,18.643501
Savorgnan,45.4440252,12.3241724
Madrilènes,,
Venlo,51.3703748,6.1724031
Senlis,49.205164,2.583212
Nou-veau-Mexique,34.5199402,-105.8700901
Mendoza,-32.8894587,-68.8458386
Puy-de,43.935743,-1.20684
Espérance,-33.8608027,121.8896205
Kouldja,-43.6602735,172.1927042
Bourgogne,47.0525047,4.3837215
Duquesne,40.437001,-79.9903168
Delhi,28.7040592,77.1024902
Andaman,11.7400867,92.6586401
Ili,43.916823,81.324136
Touat,43.499262,0.5757
Saint-Vaast,49.587369,-1.268371
Campan,43.017149,0.177098
Hérodote,,
Brahmapoutra,26.4821716,92.520091
Avranches,48.686843,-1.36166
Dives,26.7837232,-80.0353217
Effroyable,,
Baccarat,40.7608918,-73.9774011
Jersey,49.214439,-2.13125
Erymanthe,,
Toi,27.5426957,75.7502314
Québec,46.8138783,-71.2079809
Pierrefitte,48.967903,2.364077
Gendarmerie,34.0824505,-118.3892077
Cardwell,45.8599267,-111.9524875
Epernay,49.043411,3.956242
Tauris,51.5132865,-0.1884892
Polway,53.154025,16.732843
Bactriane,,
Mam-moth,37.648546,-118.972079
Eu-rope,54.5259614,15.2551187
Danemark,56.26392,9.501785
Grégoire,37.878579,-122.2686041
Atlas,33.839928,-84.382559
Dupeyra,43.7227454,7.1128247
Voici,,
Manitou,38.8597127,-104.9171989
Anjou,45.6159585,-73.5693509
Inengas,14.666569,121.042368
Oh,40.4172871,-82.907123
Romania,45.943161,24.96676
Joséphine,33.0612291,-96.3072028
Kokonoor,17.533822,81.1737824
Sarawack,1.5532783,110.3592127
Nicobar,7.083333,93.8
Vassy,48.852945,-0.676814
Banyuls,42.4812545,3.1295347
Saint-Éloy,48.361402,-4.122502
Suede,40.644557,-73.92343
East-River-Bridge,44.9191261,-62.5145055
Lille,50.62925,3.057256
Com-pagnie,40.7205173,-73.9981815
Douai,50.367874,3.080602
Sparouine,5.2718271,-54.2586293
Mexico,23.634501,-102.552784
Iturrasse,-32.4333305,-61.783329
Générosité,45.4078509,-74.134253
Joliet,41.525031,-88.0817251
Epsom,51.336036,-0.267382
Maltraitée,,
Muck-e-too,,
Bolor,12.199859,-16.403827
Mexicain,23.634501,-102.552784
Yolio,38.732968,-121.8072828
Pégu,17.3220711,96.4663286
Laos,19.85627,102.495496
Molapo,-26.259907,27.8619123
Ille,42.898847,1.214669
Ninive,36.229574,42.2362435
Schnebbekab,,
Dame,37.6879241,-122.4702079
Année,42.055422,-87.853395
Largato,-10.9140631,-37.6692901
Robinson,38.8159742,-77.3039085
Bir-ed-Jik,,
Taille,45.314255,-0.564175
Calvados,49.1213315,-0.4330578
Don,42.1313669,24.7638021
Touraine,47.3020954,0.6921741
Aran,40.6289439,46.9818522
Malheureuse,,
Veritas,38.0153251,-78.8363227
Kiakhta,50.3492922,106.4820081
Préault,,
Aie,47.6215818,-122.350849
Pitcairn,-24.3767537,-128.3242376
Massina,38.1938137,15.5540152
Vivi,40.7151911,-73.9974914
Glenelg,39.2592982,-76.9896261
Guéry,11.1219015,18.4276047
Hercule,,
Yokohama,35.4437078,139.6380256
Tibre,42.2170792,12.4176904
Hamoa,20.7190192,-155.9874916
Rembrandt,42.8255331,-95.1663837
Seille,49.1187542,6.1854282
Pomotou,,
Bonneville,40.7787454,-113.8352043
Ariège,42.9326292,1.443469
Maria,45.4167308,25.5366039
Lys,43.130494,-0.352532
Bagamoyo,-6.4456338,38.898941
Euphrate,35.2976728,42.6467308
Pérou,-9.189967,-75.015152
Livingstonia,-10.6028492,34.1058963
Volga,51.9343958,41.75655
Sénégambie,,
Pas-de,43.4673279,-80.5423686
Aussitôt,,
Marboré,42.6833333,0.0166667
Timor,-9.8627946,124.3310364
Téméraire,51.39265,0.5297948
Sésostris,30.0900124,31.3252803
Suger,43.4920072,-70.4537085
Chan-dernagor,22.8647723,88.36326
Notti,38.9002053,-77.0525491
Villa-Vicencia,4.1513822,-73.6376905
Puis,,
Ossone,,
Polynésie,-16.8395019,-148.3716902
Bois-le-Duc,51.6978162,5.3036748
Ashira,41.8939712,-87.6215093
Ta-ly,10.468815,103.7933719
Port-Vendres,42.518487,3.106592
Odessa,46.482526,30.7233095
Panthéon,48.8462218,2.3464138
Othain,17.4406093,78.3906209
Néouvielle,42.8,0.1
Pékin,39.904211,116.407395
Bala',52.909911,-3.601584
Puerta,-27.2276139,-66.9328155
Sandalwood,30.3093218,-81.5047772
Tanganyika,-6.2740118,27.9249002
Nyanza,-2.3496095,29.7512903
Pomègue,43.270796,5.299228
Franklin,35.9250637,-86.8688899
In,20.593684,78.96288
Arnay,24.8653897,71.8933808
Fontaine,-11.6653222,27.4847982
Corfou,39.6242621,19.9216777
Francklin,35.9250637,-86.8688899
Frédérique,46.1653895,6.1045978
Babylone,49.3986612,12.8627931
Etrek,37.4176309,54.6520031
Faire,17.9126693,121.4913182
Phénomènes,48.8314774,2.3791565
Soulou,9.25,1.283333
Louv,34.1162432,-118.357142
Baltique,58.487952,19.863281
Saint-Michel,48.636063,-1.511457
Résultat,,
Zériba,,
Satledj,30.5970986,74.8972861
Saimira,,
Madeleine,33.1636632,-96.6573679
Satan,48.1876567,20.3914052
Saire,-8.3096449,-35.6751446
Malpalu,49.4393978,1.0975811
Ces,41.2308559,-73.2042198
Vingt-cinq,-10.3887245,56.6184248
IndoChine,34.239121,-77.9067719
Georgestown,47.570088,-52.720733
Armagnac,44.824095,-0.427859
Boukhara,39.7680827,64.4555769
Rocs-Jaunes,,
Albères,42.666748,2.832302
Perche,39.0876963,-92.4208713
Déplorables,,
Majorque,39.6952629,3.0175712
Maître-Diable,,
Pays,44.337016,5.283167
Delle,47.50752,6.997808
Shakspeare,43.369623,-80.837023
Fernando,23.0612693,-82.3458429
Quiros,43.1550614,-5.9621106
Rochechouart,45.8249383,0.8213841
Papeiti,-17.7166667,-149.4833333
Aucun,42.973778,-0.19252
Hospitalier,,
Gomassie,,
Voroneje,51.6754966,39.2088823
Joie,40.7533144,-73.9848522
Chatou,48.896391,2.160098
Héas,42.75372,0.081355
Drapeau,48.121836,-66.287141
Houat,47.3887003,-2.9666011
Danube,46.3223413,19.1303297
Ernée,48.296902,-0.939978
Homs,34.7324273,36.7136959
Ossau,43.32475,-0.3811575
Kadjery,,
Amériques,46.8140713,-71.2066026
Narbonne,43.184277,3.003078
Fliki,36.7,4.36
Bouches-du-Rhône,43.5911679,5.3102505
Banyaluka,44.7721811,17.191
No,60.472024,8.468946
Aïe,47.6215818,-122.350849
Maniara,23.4770568,68.6260691
Pontianak,-0.0263303,109.3425039
Gournay,46.582834,1.731696
Queen-,43.7101404,-82.9319382
Su-blime,29.478852,-96.7974777
Zuyderzée,52.7041405,5.7549493
Kentai,49.8807299,19.2228003
Agly,42.767818,2.986943
Louis,42.36071,-83.290213
Mandchourie,48.8417976,2.3904424
Tapajos,-4.7822405,-56.6036093
Home,39.8675693,-104.8730088
Blavet,48.41165,-2.697471
Bechuana,,
Ma-laouen,,
Eure-et-Loir,48.5525242,1.1989814
Muséum,41.866261,-87.6169805
Sancta,51.6201305,-3.9641332
Mendana,-9.430082,159.9542273
De-marle,49.059828,6.154795
Séez,45.622935,6.800077
Saint-Denis,48.936181,2.357443
Bioné,45.6742267,10.3310392
Sud,2.7202832,11.7068294
Chino,34.0122346,-117.688944
Nou-velle-Calédonie,-20.904305,165.618042
Ashankolo,,
Oural,60.2784931,59.1619065
Servières,44.574408,3.404447
Pérouse,42.938004,12.6216211
Wo-gan,51.7121188,-4.6984203
Lozère,44.494203,3.5812692
Folie,49.2603,-0.970671
Tàmara,14.1899344,-87.3314264
Gaboon,,
Ulmo,48.4010822,9.9876076
Sirene,-31.1710573,150.8671163
Wimereux,50.769517,1.610207
Château,53.2854966,-6.1191711
Louvre,48.8606111,2.337644
Li,47.166,9.555373
Nazareth,32.699635,35.303546
Hobbema,52.834432,-113.447207
Bresche,,
Toulon,43.124228,5.928
Bockara,57.2615025,16.0663285
Andalousie,37.5442706,-4.7277528
Carte,49.9250143,-97.2052712
Cirey,47.395764,6.1326219
Sari,36.5658729,53.0586328
Bourou,11.3,-1.216667
Scutari,41.0189417,29.0576298
Alexandre,43.502576,-0.647344
Hopou,,
Scorff,47.9434245,-3.3124795
Parbleu,45.4932476,9.1949883
Lune,45.928578,2.139998
Paraît,,
Bidassoa,43.2538113,-1.626034
Azun,59.8979204,10.8180423
Maroni,40.8997839,-73.3515034
Harn-heim,,
Pays-Bas,52.132633,5.291266
Ornes,66.86878,13.7040873
Pyramide,51.3008822,3.6717238
Cher,,
Haute-Saône,47.7569806,6.1556282
Rille,47.449722,0.248232
Viaud,45.059138,-0.202896
Saône-et-Loire,46.5827512,4.486671
Red-,44.8807801,-91.9314909
Yang-tsé-Kiang,30.5146484,112.8688374
Bondervoët,,
Enfin,53.3883598,-6.1098907
Avantages,48.8271436,2.2708329
Limagne,44.808763,2.518891
Saint-Barthélemy,17.9,-62.833333
Los,9.4769,-13.7855
Gardhaïa,,
Saint-Jagut,48.625523,-3.650282
Geylan,,
Matinique,14.641528,-61.024174
In-Çalah,,
Saint-Sauveur,45.8940717,-74.157934
Mézières,46.5955273,6.7702883
Anglaise,59.337039,18.072964
Canche,-9.8646501,-38.9052848
Gorée,14.6678596,-17.3989282
Est-il,42.68867,23.3639
Scarborough,54.283113,-0.399752
Shoshung,,
Saint-Amand,49.041896,-0.964039
Ouvira,,
Cambay,22.3180817,72.6189845
Aruba,12.52111,-69.968338
Pasquino,41.8977283,12.4722975
Ay,49.053345,4.004499
Béthune,50.531036,2.63926
Nicholas,38.3307714,-80.7657804
Saint-Wast,39.9352727,-76.8540922
Couesnon,48.464233,-1.3099426
Ramah,35.1330889,-108.491741
Antoine,51.8751392,-8.4399268
Ogobai,,
Irraouady,20.7623388,96.1067718
Banca,43.126384,-1.373904
Saigon,10.8230989,106.6296638
Shtaura,51.5243013,-0.1690864
Cafre,49.3965612,-1.4894795
Mançanarez,,
Cauterets,42.889054,-0.114246
SAINT-MACLOU,49.364948,0.411093
Grows,27.8697543,-82.7606935
Claie,47.605852,-1.779695
Dimitri,39.2644923,-76.7657678
Mulhouse,47.750839,7.335888
Banda,25.4796224,80.3380213
Tambof,52.723598,41.4423062
Mycènes,37.7308631,22.7561327
Oloron,43.194413,-0.605292
Roumélie,,
Schœnhausen,52.583193,12.0384229
Supplice,46.73295,0.463862
Sullivan,39.599479,-88.6078392
Humboldt,42.7208047,-94.2152402
Charge,47.432341,1.030288
Yary,33.9685333,-117.680925
Sylphide,35.5182665,137.8500141
Pierre,44.3683156,-100.3509665
Mis-souri,37.9642529,-91.8318334
Carpentarie,-13.1840458,139.1321981
Ikoi,1.2884036,103.8373461
OEil-de-Lynx,46.8129899,-71.3262263
Nan-ling,24.9132921,113.0827312
Titi,2.999808,102.0782002
Greenwich,41.0262417,-73.6281964
Aure,47.6732885,-95.1205586
République,34.0641628,-118.3437448
Onitcha,6.1413122,6.8029489
Bosh,37.1038218,-76.4818207
Esculape,48.9482213,2.2083072
San-Joaquin,37.9175935,-121.1710389
Bissayas,11,123.5
Louis-Philippe,45.807805,3.423755
Stentor,5.8402501,-55.1419334
Guinard,44.525098,5.141808
Irrett,,
Illustres,,
Montlouis,47.388264,0.827383
Barolongs,,
Saïgon,10.8230989,106.6296638
Gorgona,2.9683333,-78.1844444
Sydney,-33.8688197,151.2092955
Sézanne,48.724195,3.722632
Goudjérate,,
Ghazni,33.5450587,68.4173972
Come,45.8080597,9.0851765
Ava,36.951999,-92.6604457
Sikoff,,
Personne,-29.1673006,-51.1902191
Alban,42.6525793,-73.7562317
Lahontan,39.2960077,-120.1514124
Ce,-5.4983977,-39.3206241
Joinville,-26.3044084,-48.8463832
Cance,44.4316699,0.572797
Mistress,36.5409665,139.8423899
Excursion,33.687862,-117.7155427
Gladiateur,,
Neste,29.748771,-95.457028
Monaco,43.7384176,7.4246158
Fa,29.7247811,-95.3426056
Pruth,46.8673293,27.4455639
Toura,11.2400973,2.3788939
XVIIIe,,
Grouin,48.7116239,-1.8445846
Nice,43.7101728,7.2619532
Orissa,20.9516658,85.0985236
Marine-Square,-34.417778,19.243347
Beda,47.1634194,21.7502785
Edessa,40.8016803,22.0439798
Nanking,32.060255,118.796877
Complice,,
Lourdes,43.091463,-0.045726
Jura,46.762475,5.6729159
Ardennes,49.7624642,4.6285053
Marly,49.059828,6.154795
Combat,44.590314,0.017243
Désirade,16.3208604,-61.0500466
Royaume-Uni,55.378051,-3.435973
Libre,49.924157,14.4806239
Albe,32.7929034,-95.6344036
Epps-burg,,
Bea-gle,42.5345684,-122.9253236
Première,40.7142571,-73.9616224
Bologne,44.494887,11.3426163
Marmite,,
Forez,45.5742653,3.6131526
Croisilles,50.199845,2.878478
Echer-rague,,
Illinois,40.6331249,-89.3985283
Sainte-Catherine,45.39582,-73.5657429
Brustad,42.261107,-83.735733
Ashantee,42.8970072,-77.7647254
Macbeth,,
Shintoo,36.438642,138.9671176
Briey,49.248466,5.936677
Mbisho,-32.849876,27.4409557
La-,34.0522342,-118.2436849
Liverdun,48.750161,6.062806
Rio-Bamba,-1.6635508,-78.654646
Bénarès,25.3176452,82.9739144
Gordon,34.4891699,-84.8567932
Amersfoort,52.1561113,5.3878266
Mosilokatsé,,
Maurice,-20.348404,57.552152
Olanga-Condo,,
Lauterbronnen,46.5935058,7.9090981
Capoue,41.1059763,14.204716
Sens.,37.7949305,-122.3958876
Allemande,,
Isa-bella,47.6171299,-91.3548713
Paradoxe,45.4588499,-73.5961753
Lagoa,37.1356176,-8.4514359
Corbigny,47.257618,3.684328
Basch,49.744615,7.0110794
Commercy,48.763802,5.592348
Randjit,20.9260815,86.319928
Dayak,45.1895963,5.721699
San-Fran-cisco,37.7749295,-122.4194155
Martainville,49.460499,1.296666
SantaBarbara,34.4208305,-119.6981901
Saxe,41.1314318,-73.485599
British,55.9481221,-3.3644043
Georges-Washington,38.9071923,-77.0368707
Bali,-8.3405389,115.0919509
Qué,,
Meurajah,,
Caramba,37.7882387,-122.4003287
Aleppo,36.2021047,37.1342603
Savoureuse,47.6057319,6.8476598
Ghats,18.5,83
Letloche,,
Yang-Tse-Kiang,30.5146484,112.8688374
Saint-Étienne,45.439695,4.3871779
Ofoubou,,
Smith,43.691878,-114.370036
Zêta,30.2903871,-81.3909051
Assassinat,,
Sagitaria,19.3772047,-99.2025745
Sphinx,29.9752687,31.1375674
Saï-mira,22.3001365,114.1724525
Alliance,40.9153362,-81.1059309
Okendas,,
Burgerpark,53.0876013,8.827544
Alexandrie,31.2000924,29.9187387
Barrias,41.2006316,-8.1595684
Gueule-d',46.9923167,6.9279633
Ile-de-France,48.8499198,2.6370411
Departements,48.846405,2.330182
Zwolle,52.5167747,6.0830219
Juvigné,48.230133,-1.0352809
Karéma,-6.81357,30.4326
Ashourada,18.5037269,82.462532
Queen-Victoria,53.0040238,-2.1629795
Traîné,47.975702,2.1010749
Weisthor,,
Prusse,46.835986,0.499729
Carentan,49.305666,-1.242834
Borja,41.8337231,-1.5341785
Hazebrouck,50.72748,2.542555
Verescogina,,
Boston,42.3600825,-71.0588801
Oyapoc,-22.755026,-47.320523
Hesse,50.6520515,9.1624376
Alsace-Lorraïne,48.3181795,7.4416241
Moha-ti-Àssah,,
Epte,39.1967599,-0.5029707
Ville,38.2526647,-85.7584557
Trini-dad,10.3757217,-61.2335592
Scylla,49.936111,-6.322778
Santo-Tomé,-31.6622189,-60.7616339
Antigoa,17.0746557,-61.8175207
Castèili,,
If-fesheim,,
Preste,45.509693,-73.563338
Ba,41.1171231,16.8719764
Mococo,38.026337,-122.116104
Marabou,-35.4749097,147.0746546
Namaoli,40.8517746,14.2681244
Tullum,45.26565,1.771697
Kad-Zourin,,
Bord,19.7243834,-72.3436925
Aprfcs,,
États,,
Nabu-,26.1711543,-80.119867
Mar-tainville,49.460499,1.296666
Amarapoura,21.9038842,96.0493896
Atine,59.7777909,10.4861348
En-trerios,-31.7746654,-60.4956461
Inan,-2.3692147,115.5251773
Elesvuger,39.9535908,-75.1672278
Buenas,39.5314776,-74.9384135
Crie,46.2260948,7.0158494
Diri-geable,43.2833556,5.6050231
Jardin,26.094368,-80.408865
Cayenn,4.92242,-52.3134531
Poulo-Condor,8.7009282,106.6114474
Amis,39.944883,-75.163182
Iowa,41.8780025,-93.097702
Jetez-le,,
Latoka,45.8737025,-95.4347638
Chaud,29.9688159,78.8566661
Hura,31.300399,34.935688
Buckingham-Rqad,32.931066,-96.6679417
Chéronne,48.1294022,0.5091584
Saint-Urbain,47.5982549,-70.581147
Soulinari,36.9692368,21.8072193
Gap,43.890209,-78.879525
Ancisan,,
Potsville,-28.3839232,153.5661114
Sauf,-1.3187082,132.1424497
Vaucouleurs,48.601914,5.66551
Pentecôte,43.149042,1.042212
La-goon,40.9856936,-111.8948588
Grand-Héron,46.9742902,-123.8157854
Tondano,1.30198,124.913399
Coloneo,50.14862,8.9069
Sir-Déria,,
Hiérapolis,37.9249689,29.124048
Caliban,40.4448984,-79.9488945
Bon-Saïd,,
Pfayfair,38.0544133,-122.6660206
Ashankols,,
Rampon,18.5744606,99.0087221
Elmina,5.1053378,-1.3421032
Sâ,-30.0002315,136.2091547
Heu,34.0621406,-118.3130547
Mazita,,
Agonizanti,,
Mu-rillo,37.3235809,-121.7694094
Orémieulx,,
Gustaye,45.281101,-103.9752127
San-Juan,18.4655394,-66.1057355
Cla-rence,42.982216,-78.5770812
Khrysokus,,
Arkànsas,35.20105,-91.8318334
Lagartoen,-10.9140631,-37.6692901
Be-rœa,,
Berésina,51.021154,-101.749754
Mount-Shobo,,
Ionienne,37.7884803,18.8076195
Penjab,31.1471305,75.3412179
Frouard,48.761005,6.129582
Nébouzan,43.125141,0.458914
Molema,46.8289649,-0.44477
Wissembourg,49.036858,7.94454
Kiang-Ton,37.7798827,-122.4819752
Soissons,49.376636,3.32342
Fidji,-17.713371,178.065032
St-Pétersbourg,59.9342802,30.3350986
Boruéo,,
Ferté-Macé,48.589377,-0.356027
HongKong,22.396428,114.109497
Edels,52.8518615,-8.9746921
Test,45.5122005,-122.6770026
Obenda,,
Herculanum,40.8059085,14.3472085
Olivri,38.1229996,15.0599564
LÏvingatone,,
Nengne-Ngozo,,
De-vale,46.1904614,7.5449226
Nouvelle-Géorgie,29.9510658,-90.0715323
Yaguaray,,
Neufchâteau,48.354965,5.694596
Cor,38.880084,-94.643512
Vallée,46.8042967,2.795901
Aoste,45.7349551,7.3130762
Ardres,50.853961,1.976552
Ellyriem,,
Autriche-Hongrie,,
Arlon,49.6851364,5.8104804
Rapera,49.853361,18.189159
Satunique,,
Ne-foud,41.5393226,-99.7919205
Chandernagor,22.8578518,88.3696407
We,10.0600742,-2.5098914
Montrer,19.6930175,-101.1776044
Tour-nai,50.6056475,3.3879338
Sé-ville,37.3890924,-5.9844589
Ramri,19.0942235,93.8604402
Mec-que,21.3890824,39.8579118
Géographe,-33.6373407,115.3815343
Voisins,48.789736,3.120326
T-ichid,45.8008077,16.007552
Automne,,
Oçêan,39.9652553,-74.3118212
Saratoga,37.2638324,-122.0230146
Vernet,43.433266,1.430248
Aspinwall,40.4914575,-79.9047731
Berbères,45.5230252,-73.5877376
Médor,50.8279381,4.3688682
Tortures,,
Conti,44.0813008,10.4519494
Purgatoire,44.149672,0.469471
Mbondemo,,
Isabey,38.009182,29.44142
Élisa-beth,45.9514649,-118.3883989
Tatars,,
Rakoto,43.2817134,5.4289975
Fury,46.3203224,-87.3636386
Water-Witch,54.0435997,-2.8007751
Astarac,43.647751,1.176612
Vengeance,34.1960119,-84.1489166
Seront-ils,,
Ganda,-13.0245773,14.6296338
Sachem,40.8098085,-73.0759446
Pollux,39.067004,-108.567203
Baize,48.844168,-0.316013
Maransin,45.0711418,-0.2685006
QUATRE-VINGTS,49.307616,0.924142
Stand,46.6261846,7.803568
Violaines,50.540066,2.787382
Arnheim,51.9851034,5.8987296
Haïl,27.5114102,41.7208243
Inca,39.7177743,2.9075475
Ghausey,,
Douane,51.4708375,3.6816377
Bonin-Sima,,
Wlahovitj,,
Choupanga,-16.3314787,-50.0795756
Gériville,,
Teckei,51.773273,-2.322347
Ducouédic,,
Belesme,,
Ludan.,51.9079594,4.3744054
HSrolsme,,
Leaveworth,47.5962326,-120.6614765
Kitmutgar,,
Ure,47.598213,19.013075
Ballon,48.175131,0.232937
Roë,34.6334296,-91.3851265
Beauvau,48.87119,2.315924
Magnas,43.8913079,0.7223983
Boulzane,42.767946,2.3938759
Peshawar,34.0149748,71.5804899
Azonnes,,
Saigne,45.285116,1.754014
Cananor,11.8744775,75.3703662
Estom,42.8061479,-0.1000882
Daman,20.3973736,72.8327991
Indous,28.6262676,77.2275393
Troumouse,42.722969,0.117926
Hœdic,47.3370174,-2.8800633
Té-rence,48.8953768,2.3489762
Orconte,48.668967,4.734211
Estain,,
Fougues,45.5170374,-73.5561815
Bolivie,-16.290154,-63.588653
Scènes,41.4975837,-81.6859578
Prez-en-Pail,48.460437,-0.197313
Rose-en-bouton,,
Arabe,31.8315661,-83.7379487
Martaban,16.5347882,97.6032892
O-hio,40.4172871,-82.907123
Aleko,47.429641,-122.229364
Tedif,,
Turcs,33.7243258,-118.0779679
Santa-Inès,34.5943633,-120.1366192
Tchernagora,42.216088,25.2261151
PaysBas,52.132633,5.291266
Pé-ling,27.3197716,88.2400333
Arahes,,
Angleteri',52.3555177,-1.1743197
Avon,36.1454415,-115.0623477
Hanks,48.6033613,-103.8029812
Val,47.3624339,18.6766737
Kaatskul,42.2045645,-74.2160395
Callot,44.095187,5.211048
Rio-Grande,35.0833352,-106.7206996
Endraght,,
Caspienne,41.934977,50.668945
Brienz,46.7541541,8.0316899
Dragey,41.5246444,-93.6250257
Yolo,38.732968,-121.8072828
Quabi,,
China-Town,34.0122346,-117.688944
Lou-ron,42.8728258,0.403094
Souve,48.1297366,11.5953325
Caroline,18.3807819,-65.9573872
Ecouen,49.018834,2.378926
Jav,,
Rivesaltes,42.768583,2.871763
Brèche-des-Cocotiers,,
Arnide,,
Compris,52.3478942,4.7491447
Caractères,50.6052154,3.106053
Ro,45.943161,24.96676
Mézidon,49.07351,-0.069616
Cotopaxi,-0.6837541,-78.4371901
Haate-Marne,48.1260968,5.1071322
Benia,43.3461393,-4.9913616
Abyssinie,48.840397,2.350252
Àuch,43.64638,0.586709
Semiramis,41.9659133,-87.7082247
Àshira,,
Perthois,48.6898265,4.7336975
Soiret,,
Jai,37.2309852,-121.7823153
Kon-kan,16.4321938,102.8236214
Lu-néville,48.592237,6.492339
Royat,45.764929,3.054232
Bourboule,45.587241,2.738992
Hitiaca,,
Tokio,35.6894875,139.6917064
Cîteaux,47.1287727,5.0929458
Blois,47.5860921,1.3359475
Bahl,28.6296193,75.6178991
Stonie,32.7403007,-117.2119237
Mayne-Reid,,
Bel,38.9928127,-76.9426278
ThionVille,49.357571,6.168426
Auge,46.438362,-0.287713
Roum,41.9027835,12.4963655
Néerlande,,
Belot,27.6659043,77.9706528
Layard,44.726999,6.032765
Vaisseau.deproie,,
Quatre-Vallées,46.150002,7.383
Hindoue,,
Midhat-Pacha,33.5086737,36.3051255
Joubert,43.4274931,-98.6667498
Patos,-7.0178331,-37.275037
Indo,10.233333,39.333333
Arara,32.496323,35.097292
Placa,46.6652062,15.5888447
Charny-sur-Meuse,49.206641,5.363345
Avent,30.981576,-88.7792014
Beurrier,,
Erve,45.8199676,9.4512889
Trébizonde,,
Dieu,34.7690415,135.6741914
Alêne,47.6776832,-116.7804664
Hor-nos,38.2169814,-2.7192052
San-Pedro,33.7360619,-118.2922461
Leucate,42.9103039,3.028163
Almanach,,
Crows,26.4437779,-82.115423
Bainoura,,
Saïd-Yanna,,
Cossé-Brissac.,47.352839,-0.4498804
Geronimo,34.4811904,-98.3831069
Adams,44.0196955,-89.7755338
César,9.3372948,-73.6536209
Tan-goisse,,
Mostra,39.4768162,-0.3642437
EtaW-Unis,37.09024,-95.712891
Livinsgtone,45.6614105,-110.5599556
Mérite,46.476429,-0.781887
Khivie,41.3895075,60.3414529
Pie,47.651144,-122.350225
Bastards,33.9412275,-118.1325555
Ailly,49.160655,1.245227
Tupungoto,-33.3583896,-69.7688752
Karshi,38.8611918,65.7847269
Hala,39.6036334,-93.3424307
Maire,49.1143216,6.135163
Aksou,41.167548,80.263387
Chée,48.8229925,4.9427185
Es-pagne,40.463667,-3.74922
Nasikamba,,
Thérain,49.2451908,2.4515567
Andorre,42.506285,1.521801
Vultur,46.1431894,23.2145809
Douve,49.452928,-1.434419
Gaboul,,
Celles,50.23038,5.0057628
Plymouth,41.9584457,-70.6672621
Kattywar,,
CHALONS-SUR,45.4452637,4.9304273
Experiment,33.278776,-84.2752831
Èt,9.145,40.489673
Cerdagne,42.4191918,1.7928402
Sing-Sing,41.1511759,-73.8679897
And-khuy,36.9549975,65.1254488
Prado,40.4137818,-3.6921271
Ritimbo,,
Mas-hamamai,,
Boukharie,,
Copenhague,55.6760968,12.5683371
Daourie,,
Coli-gny,46.382954,5.346038
Ranavalo,,
Pavin,45.7838326,11.387657
Cafres,44.45811,0.186691
Clairaud,44.050135,1.048337
Romancier,,
Gissïng,52.427354,1.149995
Pirate,,
Vabrita,,
Victoria-Nyanza,-0.7557754,33.438353
Estavar,42.467985,1.996274
Kotzebue,66.8983333,-162.5966666
Loin,47.746602,0.119032
Aladja,5.4858822,5.7559208
Moïse,43.66995,0.44128
Suize,29.7068225,-95.5166388
Kurdistan,36.4103395,44.3871953
Telle,47.1272774,8.2611892
Bloblotlè,,
Centre-Sud,11.5228911,-1.0586135
Djeddah,21.2854067,39.2375507
Conflans,49.000275,2.09178
Loir,47.9729138,0.4473392
Plaine,-4.3624762,15.3375394
Lemberg,49.839683,24.029717
Serayevo,43.8562586,18.4130763
Valpa-raiso,41.4730948,-87.0611412
Corneille,43.954657,0.089818
Gela,37.0741526,14.2403537
Mo-hicans,40.555077,-82.208236
Groenlandais,,
Sainte-Menehould,49.090822,4.892978
Nous,34.0758462,-118.3840008
Ace,38.9032192,-77.0186357
Libena,50.729595,15.1828392
Ello-Bey,,
Co-lorado,39.5500507,-105.7820674
Cluny,46.428968,4.664555
Augusta,33.4734978,-82.0105148
Itur-rasse,,
Gan,43.2295299,-0.386836
Rox-burry,42.3151978,-71.0913748
Caraïbe,21.4691137,-78.6568942
Ecureuil,46.2210065,7.5899389
Géants,45.3046664,-73.2402909
Clinton,38.7651145,-76.8983059
Djohar,52.4519008,13.270545
Aragon,41.5976275,-0.9056623
Pon-tianak,-0.0263303,109.3425039
Rioumajôu,43.079994,1.380752
Khar-toum,15.5006544,32.5598994
Delaigle,33.441629,-82.027509
Ma-jesté,43.405909,0.902382
Epire,39.5706413,20.7642843
Déouta,,
Join,39.9582467,-82.9838768
Karnac,37.2936633,-88.9753462
RëcréaTIOn,,
Roucouyennes,,
Grevaux,,
Pont-à-Mousson,48.90329,6.054868
Dernières,48.9379242,7.0871611
Verbe-,,
Shaug-Haï,,
Ougougo,,
Jamais,44.405887,0.559728
Gambie,13.443182,-15.310139
Cooper,38.8693247,-92.8577105
Orchila,11.7949254,-66.1296287
Phélippeaux,,
Oiseau,47.898202,1.4667969
Escamotage,45.059579,7.675001
A-,48.3705449,10.89779
Sayansk,54.1065069,102.1888502
Pinhala,-27.5371536,-53.2395973
Aphrosida,,
Pulmalla,,
Nyansa,37.4461823,-122.1662735
Avril,49.287729,5.964574
Au-thie,49.206845,-0.43186
Cela,43.104022,-88.271173
Paradis-Poissonnière,48.877248,2.349057
Reischoffen,48.933541,7.667646
Kara,9.5486112,1.1977158
Sum-bava,-8.738072,118.1171082
Nimerood,,
Prophète,43.769819,6.159225
Tobago,11.2317706,-60.6981989
Chàteau-Chinôn,47.1681,0.235615
Sub-tilités,,
RocsJaunes,,
Joë,31.236836,-86.696023
Huyne,,
Landre,43.497078,0.2049
Juilly,49.015353,2.705813
Hallwater-Farm,,
Maydashooa,,
Aujourdui,45.519797,-73.574158
Riche,48.890682,6.627727
Vrai,40.2431571,-76.9054392
Aracan,41.3786364,2.145499
Schœnbrunn,48.1848648,16.3122398
Mercedès,,
Guignon,38.549636,-90.0215381
Conaco,19.4315759,-99.1365999
Noya,42.7842757,-8.8882891
Baraïda,40.7357771,14.4988129
Erck-man,41.8827446,-87.6257404
Arctique,76.2505778,-100.1139521
Pati,-6.7486733,111.0379232
Tannay,46.310046,6.1735347
Sagittaria,49.6138748,17.2003983
Davidson-house,55.9144439,-3.2431688
Satanas,44.705005,-0.044408
Pourra,43.717946,-0.937817
Ba-zoches,47.377069,3.786107
Dee,40.7434256,-73.9180211
Livingstone,45.6614105,-110.5599556
Retourner,,
Kaloat-Ibn-Hosn,,
Tay-Phou,22.7305879,103.2973745
Kache-mir,43.3238491,-1.9814967
Breche-aux-Cocotiers,,
Barcarès-Saint-Laurent,42.7730064,3.0096245
Yacouman,,
Mingréliens,,
Toro-weap,36.2144451,-113.0565389
Grignan,44.4195009,4.909444
Barousse,43.050818,1.147061
Larvessa,,
Armada,42.8441964,-82.8843722
Oukigna,,
Brajanne,,
Milan,45.4654219,9.1859243
Roque,42.960248,1.132708
Milas,37.311638,27.780795
Teulla,37.7888898,-122.3981036
India,20.593684,78.96288
Bords,45.896915,-0.795679
Meuesse,51.0515396,8.2845157
Herm,,
Mashama-mai,,
Sofia,42.6977082,23.3218675
Luala,10.777422,106.697681
Ouvraient,,
Avre,42.0995234,-75.9069004
Jouanne,48.0813035,-0.5796369
Bourbonne-les-Bains,47.953937,5.749422
Haidarabad,17.385044,78.486671
Alabama,32.3182314,-86.902298
Ivan,33.9117696,-92.4245977
Torremila,42.725341,2.854663
Voulez-vous,33.6367262,-112.3506007
Vercingétorix,48.832754,2.311454
Echerrague,,
Kosiviri,,
Khoukhou-noor,,
Quelques,,
Qu,30.836659,106.972996
Mâatz,47.702444,5.4498239
Moonbedj,,
Geü,51.4241318,7.0693562
Seine-Infé-rieure,49.6054187,0.9748439
Yang-tsé,30.5146484,112.8688374
Armide,54.4268359,24.0146803
Riva,38.9520566,-76.5780184
Samar-cande,39.627012,66.9749731
Tourette,43.815089,4.832702
Davidson-IIouso,55.9144439,-3.2431688
Maldives,1.9772276,73.536101
Etat,43.2994285,-74.2179326
Pembroke,42.0714925,-70.8092
Matchian,,
Kattiwas,,
Iran,32.427908,53.688046
Thug,35.4661586,133.0594977
Souveraine,47.447577,3.049769
Gharlestown,42.3782065,-71.0602131
Une.,43.458625,-70.3890932
Chasse,51.5849834,4.7795041
Volontiers,,
Pitlkaj,,
FArt,30.2217831,78.2974404
Cambielle,,
Carey,40.9525551,-83.3824238
Colbert,47.8266668,-117.3415938
Opéra,37.5533972,-122.3002543
Thelle,49.2253283,2.2953428
Bâton-Rouge,30.4582829,-91.1403196
Ouyandzi,,
Mbon-Démo,,
Gondrecourt,48.512438,5.506159
Gand,51.0543422,3.7174243
Fi-ruzkuh,35.7549861,52.7723553
Neuvy-sur-Loire,47.523188,2.881347
Mau-léon,46.922909,-0.750806
Hollandë,42.7875235,-86.1089301
Capricorne,,
Si-Kiang,22.8,113.05
Rumi-naka,,
Benga-low,,
Tetabelat,,
Proie,35.561779,139.4588845
Senevière,47.9972338,3.5998692
Méditerrauée,37.7901344,-122.4338655
Galveston,29.3013479,-94.7976958
Ville-Empire,45.504022,-73.571964
Selkirk,42.5319998,-73.7985008
Charleston,32.7764749,-79.9310512
Moluques,-2,128
Bonneta,48.521579,5.4369379
Sa-lambô,36.8384001,10.3203215
Montbéliard,47.510356,6.798466
Caudiès,42.8132329,2.374764
Thiuberg,33.0139852,-96.7915765
Bar-rack-Poor,,
Galice,42.5750554,-8.1338558
Saint-Nectaire,45.589082,2.992862
A-ran,22.1806975,69.3339418
Lieou-Kieou,,
Brouoi,,
Ourcq,49.0779774,3.0503498
Mascate,23.58589,58.4059227
Eaux-Bonnes,42.97472,-0.389423
Zatiché,,
Cer-Vin,50.491515,2.958107
Crac,45.519648,-73.5856117
Mercier,45.3114653,-73.743229
Vanna,38.905174,-77.04047
Gergovia,49.18148,-107.418746
Vanne,47.605795,5.838788
Banane,14.756607,-15.601921
Périgord,45.1854543,0.7250863
Hyde-Park,41.7667602,-73.9015246
Curacao,12.16957,-68.99002
Fernaado-Po,3.6198322,8.7481167
Ashonkolos,,
Prairies,45.4301564,3.7236489
Vivre,37.4437999,-122.1609943
Ducale,40.789252,-73.813768
Petite-Boukharie,46.805032,-0.893716
Tasman,-41.2122123,172.7347142
Puyoo,43.525238,-0.911905
Hoëne,52.6794297,8.1002231
Made,51.6807586,4.7943492
Pas-quin,43.48932,0.50921
Mendano,41.4724224,-73.0429259
Bosio,44.6468646,8.7910096
Gerlier,45.897785,6.113746
Somme-Sarthe,,
Sa-lamine,37.9290786,23.5133267
Schlangé,,
Ploëmel,47.65102,-3.071644
Etreck,45.5092974,-92.2842544
Assieds-toi,,
Bastide-Ville-franche,45.9947009,4.7379339
Conlu,29.742093,-95.735676
Phé-lippeaux,,
Cotie,35.698627,139.647589
Montluçon,46.3415466,2.6019912
Vrille,47.111758,3.213915
Marainville,48.398902,6.167608
Orembourg,51.7666482,55.1004538
Flin,48.497295,6.655149
Chim-borazo,-1.4693018,-78.8169396
Cul-mont-Chalindrey,47.78658,5.473094
Delaporte,42.8241034,141.6401432
MmÂ,,
Lévi,46.81457,-71.1582756
Sainte-Suzanne,48.097456,-0.349277
Lyon,45.764043,4.835659
Jes,36.7803668,-76.0125605
San-tiago,-33.4488897,-70.6692655
Fours,48.112775,0.768386
Bananes,11.266377,-14.17315
Garris,43.340577,-1.058677
Pièges,46.5592833,-75.3688413
Crânes,-33.703514,150.3158455
Blanchard,35.1378441,-97.6580935
Castillane,43.100056,1.282832
Reaune,37.784143,-122.408831
Vers,44.486067,1.553376
Arexshire,,
Josselin,47.95383,-2.546427
Dominique,15.414999,-61.370976
Radet,30.0021007,78.5147246
Burèges,,
Hollandais,52.355071,4.905591
Thona,19.3677099,-99.1852421
Esquimaux,,
Pande,17.9259231,73.954351
Kraïova,,
Topeka,39.0558235,-95.6890185
Les.,42.8116099,0.7117137
Croix-Blanche,45.690615,7.1979992
Tatihou,49.589461,-1.2443458
Bellagio,36.1126264,-115.1767051
Escurial,39.1684378,-5.8841948
Ranger,32.4698522,-98.6789477
Juvénal,43.29693,2.34253
Honda,30.3143514,-81.5707955
Buviez,,
Liverpool,53.4083714,-2.9915726
Anglas,43.099397,-0.450961
Sapristi,46.8128479,-71.2125877
Papéiti,,
Bertholetia,,
Aubette,48.583456,7.7460658
Kensington,39.0256651,-77.0763669
Monthifere,,
Jarbo,47.6235826,-122.2958347
Vanderbusch,,
Pompadour,40.017991,-105.2780159
HUmboldt,42.7208047,-94.2152402
Beechey,50.731367,-1.8657471
Han-yang,37.566535,126.9779692
Go,-15.8270369,-49.8362237
Yis-sembourg,,
Benguala,-12.5905158,13.416501
IXe,20.6975218,-103.3852949
Haugani,,
Laissez-moi,,
Publique,52.0846106,4.2992345
Montsiwe,-25.85298,25.6256999
Amphitrite,,
Ivoire,45.5272189,-73.6017191
Nep-lune,,
Siradan,42.969728,0.613969
Auve,49.033476,4.694063
Agrah,53.5576188,-0.0251747
Boileau.,45.900477,-74.772853
Jerscy-City,40.7281575,-74.0776417
Henry,39.9704844,-85.354965
Davy,37.4784458,-81.6534423
Minorque,39.9496287,4.1104449
Kazeh,-5.0424945,32.8197329
Kou,37.7841125,-122.4326833
Serghat,,
Etce,49.0473269,2.2035198
Châtel-Guyon,45.918736,3.0639759
Ali,32.501111,80.105804
Alh,40.830052,-85.335988
Moha-ti-As-sah,,
Palaos,7.51498,134.58252
Etudes,,
Attendre,,
Tombouc,47.6506505,-122.3790045
Wild,29.2914796,-97.3729062
Acolin,47.4109145,8.5406832
Bonne,50.73743,7.0982068
Ellyria,42.8985928,-91.6351515
Saratof,51.5923654,45.9608032
Vanikoro,-11.65,166.9
Lucas,40.9912021,-93.3388917
Macaraibo,10.6544509,-71.7147951
Pé-rêva,,
Ras-Assir,11.8338889,51.2866667
Kat,29.7857853,-95.8243956
Wicksburg,31.225827,-85.634313
Surtout,,
Maupertuis,48.954394,-1.200503
Serbie,44.016521,21.005859
Quenzuenga,,
Saint-Amant,30.2246409,-90.868986
Gavray,48.909837,-1.35002
Meilhausen,,
Genève,46.2043907,6.1431577
Bélouchistan,,
A-den,12.8257481,44.7943804
Vauthier,45.67192,6.434365
Montbard,47.624329,4.337495
Saint-Nazaîre,47.2734979,-2.213848
Viti,41.6427938,-71.1882962
Mindanao,8.49613,123.3034062
Martinville,30.1231441,-91.8294817
Vishnou,50.6428666,3.0165332
Karatepe,37.0381106,54.5978439
Flandres,50.9023464,2.4934971
Coquin,48.270134,3.120624
Hautes-Pvrénées,,
Tarim,16.0567117,49.0059852
Debout,,
Talvane,-7.12096,-34.849265
Saini-Gildas,48.422754,-3.004306
Salinas,36.6777372,-121.6555013
Sainte-Colombe,45.524713,4.858102
Mo-coco,38.026337,-122.116104
Pouah,,
Ardre,57.3790536,18.6960182
Tonquin,52.886594,-118.078173
Etais-Unis,37.09024,-95.712891
Quer-laouen,,
Golgotba,,
Cyprea,4.1782683,73.5148081
Rhôme,33.0534563,-97.4719662
Mystère,-35.2531303,149.0742844
Kair,30.0444196,31.2357116
Tunas,37.8497583,-93.0276891
Vilméreuil,,
Dix-sept,37.7514544,-122.4289182
Gudin,43.5509492,-5.8631893
Sud-Ouest,5.1573493,9.3673084
Sillery,49.198485,4.1323359
Fidelaire,48.948926,0.815292
Mpongive,,
Stan,46.9571926,8.3659672
Bignon,35.2828048,-80.7634857
Vaubecourt,48.9344449,5.111287
Jung,28.9354619,-81.2084191
Olonde,49.3417725,-1.6483785
Condamine,-26.9282743,150.1318588
Marne.-,49.128754,4.1475445
Kharism,,
Ëlisabeth,2.80838,-77.63806
Shekianis,,
Aoua,16.9833329,-0.466667
Làl,46.021051,3.775756
Ghâteau-Salins,48.820138,6.507137
Abé-lard,34.0921437,-116.5299839
Loro,22.7602827,84.151428
Cuivre,39.3352865,-91.1929114
Gonidec,47.9023533,-3.909166
Rùssie,61.52401,105.318756
Baye,48.853917,3.763897
Paramaibo,5.8520355,-55.2038278
Mers,42.721095,-84.648632
Suippe,49.3709692,4.1476232
Afri,53.3627271,-6.2722387
Sonnehart,,
Bicêtre,48.8105695,2.3521901
Brahma,33.7384385,72.7045436
Ibicuy,-33.7286088,-59.1570842
Domrémy,48.443114,5.67502
Hasfis,29.5160847,-98.4926754
Subtilités,,
Flo-ride,27.6648274,-81.5157535
Assiniboineses',,
Gadès,36.5282,-6.2936
Colo-rado,39.5500507,-105.7820674
Khivà,41.3895075,60.3414529
Fiers,50.8613158,3.2611409
Martha,39.982236,-75.1281104
Seloignes,50.01525,4.25613
Or-léans,47.902964,1.909251
Saimaira,40.7631109,-73.5178672
Nistos,42.989412,0.4596721
Fer,-5.965842,132.855194
Feu,49.029197,6.09686
Rhiu,,
Saint-Esprit,45.9004959,-73.6630326
Guesne,47.397324,0.596121
Lehman,40.8733183,-73.8941395
Nugère,45.860598,2.985519
Aile-ghanys,,
Épaminondas,25.7087463,-100.3831496
Ken,-0.023559,37.906193
Koyunjik,,
Araize,35.790522,-79.056128
Hongrie,47.162494,19.503304
Margab,54.611272,18.349005
LeI,47.2642664,9.1330183
Pelew,7.51498,134.58252
Caucasie,43.5851814,45
Zoua,10.7,-6.95
Gaules,45.770573,4.8305135
José,9.8965273,8.8583309
Sauve,43.940731,3.949454
John-t,41.8198034,-71.3706702
Bréard,49.4207546,0.2319307
Sirkis,40.0190298,-105.2813865
Malagarazi,-4.6405111,30.3958432
Madeira,32.7607074,-16.9594723
Bil-laud-Varennes,46.1508401,-1.1152249
Udon,17.4138413,102.7872325
Sandy-Creek,33.4941095,-84.5735961
Khan-Shœyk-Hann,,
Yassy,56.417222,29.238056
Tune,55.596278,12.183197
Boulou,42.523836,2.8326349
Tong-tchouen,,
Lon-gwy,49.519919,5.761773
Lightship,42.3610613,-71.0351404
Khama,25.0720225,79.4000493
Yeso,34.4392373,-104.6099829
Eaglè,39.576406,-106.7234639
Ekaterinenbourg,56.8389261,60.6057025
Chroniques,,
Naraingunge,23.6226398,90.4997973
Emessa,42.1395299,-71.1446659
Limpopo,-23.4012946,29.4179324
Tolède,39.8628316,-4.0273231
Domergue,47.2070275,6.0785017
Annam,29.7869511,-95.6456102
Quito,-0.1806532,-78.4678382
Feniavin-Bay,,
Sapor,39.9172883,-75.0714998
Da-vidson,35.4993031,-80.8486846
Àngcor,,
Richarn,,
Eaux-Chaudes,42.9522475,-0.4402473
Banquo,40.6965811,-85.6201935
Charaire,,
Régnier,50.6689432,1.8504507
Manzat,45.96154,2.941379
Laque,34.1884383,-118.4166218
Écureuil,46.2210065,7.5899389
Keirabab,,
Mousquère,43.655144,0.477151
San-Barbara,34.4208305,-119.6981901
Bar-neville,49.3667611,-1.7695008
Doti,25.7204833,74.0975678
BuenosAyres,18.455397,-66.0723299
San-Franeisco,37.7749295,-122.4194155
Voient,,
Brull,41.8168113,2.3054067
Deykla,28.4827413,76.5560481
Jéricho,31.8611058,35.4617583
Braghirati,,
Montsaugeon,47.665753,5.308791
Saint-Léger,49.6119564,5.6566551
Bleu,44.4335093,-88.0219784
Djali,14.066667,7.4
Bunder-Meurajab,,
Artouste,42.8861786,-0.4099017
Gray,35.3352558,-100.8903099
Archimède,37.5777099,13.7616836
Place,13.2222011,80.0949883
Edme-Marie-Édouard,,
Peulvan,,
Jowaki,,
Duroc,44.263458,1.619131
Thonorable,,
Andrinople,41.6771297,26.5557145
Kaf,43.685566,-72.3202589
Sa-hara,23.4162027,25.66283
Ibrahim-bey,36.663608,29.107675
Séraphia,,
Khon,21.2928532,-157.8474325
Soto,30.470073,-97.801053
Ruffianne,40.7264355,-73.9842175
Falmouth,41.5532208,-70.6085886
Bidgery,,
Santa-fé,35.6869752,-105.937799
Yirginienne,,
Columbia,34.0007104,-81.0348144
Saharas,30.2875738,-81.5375934
Cinq,29.741645,-95.3916191
Aronde,51.2433435,3.1976102
Semlin,53.9832868,18.3912948
Cavalte,,
Asiatique,13.7041498,100.5029263
Ont-elles,,
Baalbek,34.0046888,36.2110399
Clyde,41.3042201,-82.975192
Pensylvanie,41.2033216,-77.1945247
Valence,44.933393,4.89236
Meppel,52.6921234,6.1937187
Maruta,11.4211713,76.3246517
Types,,
Dupuis-Thouars,,
Mondo,41.5572483,-72.647365
Gus-tave,45.281101,-103.9752127
Easton,40.688432,-75.2207323
Cham-pagne,48.026628,0.333235
Tréport,50.05917,1.382472
Winnemucca,40.9729584,-117.7356849
Apostat,,
Paillebœuf,,
Nkon-loulay,,
Tas,-41.4545196,145.9706648
Choringui,,
DonJuan,32.350934,-95.2850526
Vent,51.2210984,3.6881829
Éliaœûants,,
Anglo-Bengali,25.3021088,82.9987652
Va-lazé,37.119118,-76.497866
Ravaillac,44.846492,1.104972
Enfoncée,,
Rorota,4.8910735,-52.2620285
Opis,27.984013,-82.332679
Àubigny,46.597217,-1.452615
Graffigny,48.1706078,5.6348983
Hennebont,47.802625,-3.275811
Tré-port,50.05917,1.382472
Tabora,-5.0424945,32.8197329
Loire-Inférieure,47.2780468,-1.8157647
Schaman,28.1087648,-15.4353869
Bonin-Sina,,
Matt-marck,46.0359813,7.9605751
Boulogno,50.725231,1.613334
Kharisim,,
Guayra,-34.5504799,-58.4605408
Parla,42.3632061,-71.0552103
Constantine,36.360155,6.642433
Grazay,48.291355,-0.48362
Techerchées,,
Ma-jalweh,,
Berne,46.9479739,7.4474468
Peyrelade,44.970656,3.018174
Italie.ne,41.87194,12.56738
Bagnères-de-Luchon,42.788963,0.592943
Cent,43.1462116,-93.2230084
Hudson,41.240056,-81.440667
Nomény,48.889691,6.225188
Zeerust,-25.5523446,26.1004894
Liwing-fone,,
Saint-Ouen,48.911856,2.333764
Haui-Rhin,47.9315041,7.2441099
Pinto,40.2375052,-3.6967718
Artilce,40.6792502,-74.1636993
Acteon,39.9363514,-74.9499016
Salamah,16.9749012,42.7589084
Bussyla-Côte,,
Guaya-quil,-2.1709979,-79.9223592
Creusot,46.805351,4.4278
Pierrefonds,49.346975,2.9801831
Meurtheet-Moselle,48.7997007,6.0947014
Acheter,,
Etarope,54.5259614,15.2551187
Contemporaine,41.891445,-87.634459
Pampas,37.443049,-122.16286
Kapoukara,,
Ida,41.9109708,-83.5735724
Cusco,-13.53195,-71.9674626
Adriatique,41.8550904,17.2902839
Lens,50.42893,2.83183
Verre,46.353501,4.845114
Domfront,48.594289,-0.650433
Melbourne,-37.8136276,144.9630576
Caxoveira,39.4507404,-8.5388214
Arnold,38.4328317,-90.3776187
Cambre,43.286882,-8.3197946
Double,36.2524516,-92.6258911
Saint-Luc,50.8521235,4.4520325
Saint-Pé,-7.2444881,-76.8259652
J’,50.927054,11.5892372
Àden,12.7854969,45.0186548
Montagne,44.929893,-0.12871
Groupe,,
Carpentaria,-13.1840458,139.1321981
Laïta,47.8210562,-3.5322334
Mangia,40.7570911,-73.9764614
Telegraph,30.3274155,-99.9061814
Ilâ,34.1726093,-83.2920988
Verse,44.486067,1.553376
Néro,34.1512937,-118.2546244
Tunique,43.4888589,-80.4919496
M.Itokes,35.7160177,-77.2658097
Timpressionse,,
Touran,52.1421176,93.9210651
Irstitut,,
Osybas,3.117858,101.667619
Gistave,39.3559928,-76.6940983
Philadelphio,39.9525839,-75.1652215
Hoedic,47.340082,-2.878658
Ramiro,41.2283778,-4.7856649
JLS,37.4211583,-122.1185532
Loudun,47.0089674,0.083183
Hernando,28.5578826,-82.4752757
Stanlèy,35.3590256,-81.0970214
Hijo,,
Guillaume,45.5232087,-73.5936839
SanFrancisco,37.7749295,-122.4194155
Staël,51.9868997,-7.8839442
Clamecy,47.459605,3.518769
Laimont,48.834093,5.044114
Centré-Amérique,46.8140713,-71.2066026
Yana,27.9423719,-82.486229
Ameïda,,
Southampton,50.9097004,-1.4043509
Érables,49.4167785,6.115466
Trondjou,,
Mersey,53.386884,-2.607995
Grand-Frank,59.3351179,18.0333905
Tjijiji,,
Grand-Camp,49.552195,0.600061
Saxeple,,
Arrière,45.5601534,-73.205099
Montessus,45.25625,5.39987
Ladk,20.4271634,78.8687284
Cardiff,51.481581,-3.17909
Toute,40.6502385,-74.2958392
Reggio,38.1113006,15.6472914
Suffren,50.819444,-97.8349999
Erseroum,,
Bamboulo,3.833333,-53.183333
Lien-Cheng,24.3125,120.694444
Cavoie,,
Orenbourg,51.7666482,55.1004538
Tartares,45.5134845,-73.5730927
Jackson,32.2987573,-90.1848103
Acapulco,16.8531086,-99.8236533
Greener,43.6325437,-70.2612896
Pont-Saint-Vincent,48.60483,6.099239
Port-Saïd,31.2652893,32.3018661
Rifel,39.5347023,-107.7831198
Dites,,
Beilon,9.985744,126.055801
Prouver,,
Ngonyai,,
Bahia,-12.579738,-41.7007272
Poltrot,45.28049,0.211366
Issy,48.8245306,2.2743419
Encyclopédie,47.0420629,-0.8847625
Irindo,-7.3961537,112.7146676
Vignon,32.8134458,-96.7525144
Nogent-Haute-Marne,48.026938,5.341363
Hiogo,34.6912688,135.1830706
Desvres,50.673068,1.830808
Kouen-loun,,
Run,38.807491,-76.8885119
Brècho,-23.5470573,-46.6891479
MaisonDorée,50.83784,4.3621564
Vi-site,43.0602104,16.1828781
Gruyane,,
Colâtre,46.931291,3.236632
Edgar,44.9271888,-89.9634629
Lubergo,,
Califorine,36.778261,-119.4179324
Phébus-Àpollon,,
Tasse,47.88994,-0.1348
Sandy-Hook,40.4333496,-73.9885498
Sainte-Geneviève,37.9786618,-90.0475582
Néva,59.8605262,30.669152
Pizarre,40.6973579,-73.9347036
Asnières,48.914155,2.285369
Basse-Navarre,43.326266,-1.038177
Paci-fique,-8.783195,-124.508523
Saint-Honoré,44.941634,5.813028
Saiute-Catherine,45.39582,-73.5657429
Egmont,49.75,-123.933333
Nauron,,
Ca,36.778261,-119.4179324
Mesdames,,
Vellesley,42.2935733,-71.3059277
Liambaï,,
Pied-Sablon,49.6785392,-1.4715143
Médée,45.134725,4.830734
Vieille,45.7745617,7.5219213
Gas,32.167617,-110.918585
Gèdre,42.786403,0.019136
O-leococca,,
Isle-Adam,49.112288,2.217872
Philippe,40.7641389,-73.9703357
Etaient,,
Éclair,40.7567138,-73.9665998
Mère,48.787755,1.819789
Nicosie,35.1855659,33.3822764
Àdamstown,-25.0662897,-130.1004636
Beau-coudray,48.958495,-1.142437
Surcouf,45.4030813,-73.9491384
Anastase,51.4803716,7.1363885
Mastaï-Feretti,,
Celui,38.525293,-8.888818
Grâce,41.8848193,-87.6449376
Enfer,50.68986,3.77991
Trinité,14.7480857,-61.0238481
Toreo,20.4958398,-100.1372416
Nord-Est,46.962303,26.7706456
Marie-Thérèse,34.1703297,-118.533654
Cojutepeque,13.7208503,-88.9365976
Zagaie,,
Penhoën,,
Besancon,47.237829,6.0240539
Mésopotamie,34.5337527,43.483738
Echo,40.9778985,-111.4413165
Port-d',28.068047,-80.557644
Arz,47.590504,-2.800895
Pérsique,,
Resoina,36.283411,59.6132205
Vézelize,48.487135,6.088334
Ligny,47.412023,-1.3767259
Pierre-Fontaine,50.3287458,3.9482454